[
  {
    "fields": {
      "ds_item": "Engenharia de Computação"
    },
    "model": "services.FormItem",
    "pk": 1
  },
  {
    "fields": {
      "ds_item": "Ciência de Computação"
    },
    "model": "services.FormItem",
    "pk": 2
  },
  {
    "fields": {
      "no_question": "Curso de Graduação",
      "ds_question": "Qual o seu curso de graduação? (Selecione apenas um)",
      "co_type_question": "radio",
      "nco_form_item": [
        1,
        2
      ]
    },
    "model": "services.FormQuestion",
    "pk": 1
  },
  {
    "fields": {
      "no_question": "Nome",
      "ds_question": "Insira seu nome completo",
      "co_type_question": "text",
      "nco_form_item": []
    },
    "model": "services.FormQuestion",
    "pk": 2
  },
  {
    "fields": {
      "no_question": "Comprovante de Matrícula",
      "ds_question": "Envie um link público do comprovante de matrícula no formato PDF ou JPEG.",
      "co_type_question": "file",
      "nco_form_item": []
    },
    "model": "services.FormQuestion",
    "pk": 3
  },
  {
    "fields": {
      "no_form_step": "Aluno",
      "ds_form_step": "Dados Pessoais",
      "nco_form_question": [
        1,
        2
      ]
    },
    "model": "services.FormStep",
    "pk": 1
  },
  {
    "fields": {
      "no_form_step": "Documentos",
      "ds_form_step": "Dados Necessários",
      "nco_form_question": [
        3
      ]
    },
    "model": "services.FormStep",
    "pk": 2
  },
  {
    "fields": {
      "no_form": "Solicitação de Certidão de Vínculo",
      "ds_form": "Solicitar para a secretaria a certidão que comprove o vínculo com o Instituto de Computação (UFAL)",
      "nco_step": [
        1,
        2
      ],
      "dt_limit": "2024-12-31T00:00:00Z"
    },
    "model": "services.Form",
    "pk": 1
  },
  {
    "pk": 4,
    "model": "services.FormQuestion",
    "fields": {
      "no_question": "Disciplina",
      "ds_question": "Insira o nome da disciplina Cursada",
      "co_type_question": "text",
      "nco_form_item": []
    }
  },
  {
    "pk": 5,
    "model": "services.FormQuestion",
    "fields": {
      "no_question": "Bloco/Campus",
      "ds_question": "Nome do Bloco e Campus onde a disciplina foi cursada",
      "co_type_question": "text",
      "nco_form_item": []
    }
  },
  {
    "pk": 6,
    "model": "services.FormQuestion",
    "fields": {
      "no_question": "Documentação Comprobatória",
      "ds_question": "Envie um link compartilhável da documentação comprobatória da disciplina cursada (histórico, ementa, etc.)",
      "co_type_question": "file",
      "nco_form_item": []
    }
  },
  {
    "pk": 3,
    "model": "services.FormStep",
    "fields": {
      "no_form_step": "Informações",
      "ds_form_step": "Disciplinas Externas",
      "nco_form_question": [
        4,
        5,
        6
      ]
    }
  },
  {
    "pk": 2,
    "model": "services.Form",
    "fields": {
      "no_form": "Aproveitamento de Disciplinas",
      "ds_form": "Este formulário é para alunos que desejam solicitar o aproveitamento de disciplinas cursadas em outras instituições.",
      "nco_step": [
        1,
        3
      ],
      "dt_limit": "2024-12-31T00:00:00Z"
    }
  },
  {
    "pk": 7,
    "model": "services.FormQuestion",
    "fields": {
      "no_question": "Descrição da Atividade",
      "ds_question": "Descreva a atividade que foi realizada",
      "co_type_question": "text",
      "nco_form_item": []
    }
  },
  {
    "pk": 8,
    "model": "services.FormQuestion",
    "fields": {
      "no_question": "Carga Horária",
      "ds_question": "Informe a carga horária da atividade",
      "co_type_question": "number",
      "nco_form_item": []
    }
  },
  {
    "pk": 9,
    "model": "services.FormQuestion",
    "fields": {
      "no_question": "Documentação Comprobatória",
      "ds_question": "Envie o link da documentação comprobatória da atividade realizada",
      "co_type_question": "file",
      "nco_form_item": []
    }
  },
  {
    "pk": 10,
    "model": "services.FormQuestion",
    "fields": {
      "no_question": "Período da Atividade",
      "ds_question": "Informe o período em que a atividade foi realizada (data de início e término)",
      "co_type_question": "text",
      "nco_form_item": []
    }
  },
  {
    "pk": 4,
    "model": "services.FormStep",
    "fields": {
      "no_form_step": "Atividade Flexível",
      "ds_form_step": "Documentos Necessários",
      "nco_form_question": [
        7,
        8,
        9,
        10
      ]
    }
  },
  {
    "pk": 3,
    "model": "services.Form",
    "fields": {
      "no_form": "Baixa de Carga Flexível",
      "ds_form": "Este formulário é para alunos que desejam solicitar a baixa de carga flexível.",
      "nco_step": [
        1,
        4
      ],
      "dt_limit": "2024-12-31T00:00:00Z"
    }
  },
  {
    "fields": {
      "no_tutorial": "Como Solicitar Certidão de Vínculo",
      "ds_tutorial": "Tutorial de como solicitar certidão de vínculo.",
      "content_tutorial": "1. Acesse o portal do aluno.\n2. No menu lateral, clique em 'Solicitações'.\n3. Selecione 'Certidão de Vínculo'.\n4. Preencha o formulário e clique em 'Enviar'.\n5. Aguarde a confirmação da secretaria por e-mail.",
      "co_status": 1
    },
    "model": "services.Tutorial",
    "pk": 1
  },
  {
    "fields": {
      "no_tutorial": "Como Enviar Comprovante de Matrícula",
      "ds_tutorial": "Tutorial de como enviar comprovante de matrícula.",
      "content_tutorial": "1. Digitalize seu comprovante de matrícula em formato PDF ou JPEG.\n2. Acesse o portal do aluno.\n3. No menu lateral, clique em 'Documentos'.\n4. Clique em 'Enviar Documento'.\n5. Selecione 'Comprovante de Matrícula' e faça o upload do arquivo.\n6. Clique em 'Enviar'.\n7. Aguarde a confirmação da secretaria por e-mail.",
      "co_status": 1
    },
    "model": "services.Tutorial",
    "pk": 2
  },
  {
    "fields": {
      "co_news": 1,
      "no_news": "Lançamento do Novo Curso de Inteligência Artificial",
      "ds_news": "Estamos animados para anunciar o lançamento do nosso novo curso de Inteligência Artificial. As inscrições começam na próxima semana!",
      "dt_news": "2022-01-01"
    },
    "model": "services.News",
    "pk": 1
  },
  {
    "fields": {
      "co_news": 2,
      "no_news": "Workshop de Programação Python",
      "ds_news": "Junte-se a nós para um workshop intensivo de programação Python. Ideal para iniciantes e programadores experientes!",
      "dt_news": "2022-02-01"
    },
    "model": "services.News",
    "pk": 2
  },
  {
    "model": "services.Notification",
    "pk": 1,
    "fields": {
      "ds_notification": "Nova atualização disponível para o sistema de solicitação de certidão de vínculo. Faça o download agora!",
      "co_status": 1,
      "nco_user": [
        1,
        2,
        3
      ]
    }
  },
  {
    "model": "services.Notification",
    "pk": 2,
    "fields": {
      "ds_notification": "Seu tutorial sobre como solicitar certidão de vínculo foi aprovado e está disponível para visualização.",
      "co_status": 1,
      "nco_user": [
        2,
        3,
        4
      ]
    }
  },
  {
    "model": "services.User",
    "pk": 1,
    "fields": {
      "no_user": "João Silva",
      "co_registration": "20220001",
      "co_profile": 1,
      "ds_email": "joao.silva@example.com",
      "ds_password": "hashed_password_1",
      "ds_phone": "1234567890"
    }
  },
  {
    "model": "services.User",
    "pk": 2,
    "fields": {
      "no_user": "Maria Santos",
      "co_registration": "20220002",
      "co_profile": 2,
      "ds_email": "maria.santos@example.com",
      "ds_password": "hashed_password_2",
      "ds_phone": "0987654321"
    }
  },
  {
    "model": "services.User",
    "pk": 3,
    "fields": {
      "no_user": "Leticia Gabriela C. de Lima",
      "co_registration": "18113063",
      "co_profile": 1,
      "ds_email": "lgcl@ic.ufal.br",
      "ds_password": "hashed_password_2",
      "ds_phone": "0987654321"
    }
  },
  {
    "model": "services.User",
    "pk": 4,
    "fields": {
      "no_user": "Karla Sophia Cruz",
      "co_registration": "19113063",
      "co_profile": 1,
      "ds_email": "kssc@ic.ufal.br",
      "ds_password": "hashed_password_2",
      "ds_phone": "0987654321"
    }
  },
  {
    "model": "services.AnswerFormQuestion",
    "pk": 1,
    "fields": {
      "co_solicitation": 1,
      "co_form_question": 1,
      "nds_answer_question_item": [
        1
      ]
    }
  },
  {
    "model": "services.AnswerFormQuestion",
    "pk": 2,
    "fields": {
      "co_solicitation": 1,
      "co_form_question": 2,
      "nds_answer_question_str": [
        "João Silva"
      ]
    }
  },
  {
    "model": "services.AnswerFormQuestion",
    "pk": 3,
    "fields": {
      "co_solicitation": 1,
      "co_form_question": 3,
      "nds_answer_question_str": [
        "comprovante_de_matricula.pdf"
      ]
    }
  },
  {
    "model": "services.MessageForm",
    "pk": 1,
    "fields": {
      "co_status": 1,
      "co_solicitation": 1,
      "ds_message": "Solicitação de certidão de vínculo recebida. Aguarde a confirmação da secretaria."
    }
  },
  {
    "model": "services.MessageForm",
    "pk": 2,
    "fields": {
      "co_status": 2,
      "co_solicitation": 1,
      "ds_message": "Solicitação verificada. Secretaria está analisando os documentos."
    }
  },
  {
    "model": "services.MessageForm",
    "pk": 3,
    "fields": {
      "co_status": 2,
      "co_solicitation": 1,
      "ds_message": "Secretaria reprovou os dados da Solicitação, com o comentário: “Faltou o arquivo matricula.pdf”"
    }
  },
  {
    "model": "services.Solicitation",
    "pk": 1,
    "fields": {
      "co_status": 2,
      "co_form": 1,
      "co_user": 1,
      "nco_answer_form_question": [
        1,
        2,
        3
      ],
      "dt_updated_at": "2024-03-01T12:00:00Z"
    }
  },
  {
    "model": "services.Solicitation",
    "pk": 2,
    "fields": {
      "co_status": 1,
      "co_form": 2,
      "co_user": 2,
      "nco_answer_form_question": [
        1,
        2,
        3
      ],
      "dt_updated_at": "2024-01-31T07:00:00Z"
    }
  },
  {
    "model": "services.Solicitation",
    "pk": 3,
    "fields": {
      "co_status": 1,
      "co_form": 3,
      "co_user": 2,
      "nco_answer_form_question": [
        1,
        2,
        3
      ],
      "dt_updated_at": "2024-12-31T00:00:00Z"
    }
  },
  {
    "model": "services.Solicitation",
    "pk": 4,
    "fields": {
      "co_status": 1,
      "co_form": 1,
      "co_user": 1,
      "nco_answer_form_question": [
        1,
        2,
        3
      ],
      "dt_updated_at": "2024-02-28T00:00:00Z"
    }
  },
  {
    "model": "services.Solicitation",
    "pk": 5,
    "fields": {
      "co_status": 2,
      "co_form": 2,
      "co_user": 1,
      "nco_answer_form_question": [
        1,
        2,
        3
      ],
      "dt_updated_at": "2024-02-29T13:00:00Z"
    }
  },
  {
    "model": "services.Solicitation",
    "pk": 6,
    "fields": {
        "co_status": 1,
        "co_form": 3,
        "co_user": 2,
        "nco_answer_form_question": [
            2,
            3,
            4
        ],
        "dt_updated_at": "2024-03-10T09:45:00Z"
    }
  },
  {
    "model": "services.Solicitation",
    "pk": 7,
    "fields": {
        "co_status": 3,
        "co_form": 1,
        "co_user": 3,
        "nco_answer_form_question": [
            1,
            3,
            5
        ],
        "dt_updated_at": "2024-03-15T16:20:00Z"
    }
  }
]